{"accuracy": [0.8689080476760864, 0.8990087509155273, 0.901752233505249, 0.9034345149993896, 0.9029686450958252, 0.9032533764839172, 0.901752233505249, 0.9050391912460327, 0.9037451148033142, 0.9038745164871216, 0.9044697880744934, 0.9029945135116577, 0.9063073992729187, 0.9029686450958252, 0.9050133228302002, 0.9068509340286255, 0.9054533243179321, 0.9038486480712891, 0.9045215845108032, 0.9058674573898315], "loss": [0.24540050327777863, 0.15986736118793488, 0.15178817510604858, 0.14367061853408813, 0.14225801825523376, 0.14063416421413422, 0.14192023873329163, 0.14107243716716766, 0.14133423566818237, 0.14101918041706085, 0.14076998829841614, 0.13995783030986786, 0.14005252718925476, 0.1401839703321457, 0.1400037407875061, 0.1400187909603119, 0.1398506462574005, 0.14000722765922546, 0.14046163856983185, 0.1398335099220276], "val_accuracy": [0.8896133899688721, 0.8986958265304565, 0.9014904499053955, 0.901723325252533, 0.9019562005996704, 0.9038192629814148, 0.9019562005996704, 0.901723325252533, 0.901723325252533, 0.901723325252533, 0.9075453877449036, 0.9021890759468079, 0.9063810110092163, 0.9035863876342773, 0.9056823253631592, 0.9024220108985901, 0.9026548862457275, 0.9010246992111206, 0.9075453877449036, 0.9061481356620789], "val_loss": [0.17396321892738342, 0.1534566730260849, 0.1423390656709671, 0.1428040862083435, 0.13976986706256866, 0.13941414654254913, 0.13929815590381622, 0.14206527173519135, 0.1420719176530838, 0.13993589580059052, 0.14092028141021729, 0.14239302277565002, 0.13876259326934814, 0.13895225524902344, 0.1392475664615631, 0.1402372419834137, 0.14048312604427338, 0.1389523595571518, 0.13994883000850677, 0.14164625108242035], "learning_rate": [0.0010000000474974513, 0.0010000000474974513, 0.0010000000474974513, 0.0010000000474974513, 0.0010000000474974513, 0.0010000000474974513, 0.0010000000474974513, 0.0010000000474974513, 0.0010000000474974513, 0.0010000000474974513, 0.0005000000237487257, 0.0005000000237487257, 0.0005000000237487257, 0.0005000000237487257, 0.0005000000237487257, 0.0005000000237487257, 0.0002500000118743628, 0.0002500000118743628, 0.0002500000118743628, 0.0001250000059371814]}